"Additional tax %s","Zzgl. MwSt. %s"
"Adjustment Fee","Adjustment Fee"
"Adjustment Refund","Adjustment Refund"
"Amount","Menge"
"Center","Zentriert"
"Customer IP:","Kunden-IP:"
"Customer number:","Kunden-Nr:"
"Description","Bezeichnung"
"Discount","Rabatt"
"Invoice","Rechnung"
"Invoice date:","Datum:"
"Invoice date is equal to delivery date","Rechnungsdatum entspricht dem Lieferdatum."
"Invoice maturity: %s days","Der gesamte Rechnungsbetrag ist in %s Tagen f√§llig."
"Invoice number:","Rechnung-Nr:"
"Left","Links"
"No.","Art-Nr."
"Page","Seite"
"Payment and shipping","Versand und Zahlung"
"Pos","Pos"
"Price","EP"
"Right","Rechts"
"Tax","MwSt."
"Total","Gesamt"
"Total amount","Rechnungsbetrag"